,acc,prec,rec,f1,auc
Random_Forest,0.9743157894736842,0.0,0.0,0.0,0.6309523809523809
KNN,0.9789473684210527,0.02,0.5,0.038461538461538464,0.7400969237252424
Logistic_Regression,0.8357894736842105,0.002564102564102564,0.5,0.00510204081632653,0.6805731142014327
Decision_Tree,0.9469473684210526,0.007936507936507936,0.5,0.015625,0.7190265486725663
